[{"key":"add_dte_title","vi":"Thêm đầu báo vào","en":"Add detector to","ja":""},{"key":"add_edit_zone_audio","vi":"File thông báo","en":"File audio","ja":""},{"key":"add_edit_zone_dte_limit","vi":"Ngưỡng cảnh báo","en":"","ja":""},{"key":"add_edit_zone_nac_io","vi":"","en":"NAC - IO","ja":""},{"key":"add_edit_zone_name","vi":"Tên vùng","en":"Zone name","ja":""},{"key":"add_edit_zone_parent","vi":"Vùng cha","en":"Parent zone","ja":""},{"key":"add_zone_title","vi":"Thêm vùng mới","en":"Add new zone","ja":""},{"key":"all_rights_reserved","vi":"","en":"All rights reserved","ja":""},{"key":"audio_add_edit_enable","vi":"Sử dụng","en":"","ja":""},{"key":"audio_add_edit_file","vi":"","en":"File","ja":""},{"key":"audio_add_edit_month_loop","vi":"Hàng tháng","en":"","ja":""},{"key":"audio_add_edit_name","vi":"Tên","en":"Name","ja":""},{"key":"audio_add_edit_no_loop","vi":"Một lần","en":"","ja":""},{"key":"audio_add_edit_time","vi":"Thời gian","en":"","ja":""},{"key":"audio_add_edit_week_loop","vi":"Hàng tuần","en":"","ja":""},{"key":"audio_add_edit_year_loop","vi":"Hàng năm","en":"","ja":""},{"key":"audio_add_title","vi":"Thêm thông báo âm thanh","en":"","ja":""},{"key":"audio_edit_title","vi":"Sửa thông báo âm thanh","en":"","ja":""},{"key":"audio_fri","vi":"Thứ 6","en":"Fri","ja":""},{"key":"audio_loop_week_title","vi":"Thông báo hàng tuần","en":"","ja":""},{"key":"audio_mon","vi":"Thứ 2","en":"Mon","ja":""},{"key":"audio_sat","vi":"Thứ 7","en":"Sat","ja":""},{"key":"audio_sun","vi":"Chủ nhật","en":"Sun","ja":""},{"key":"audio_thu","vi":"Thứ 5","en":"Thu","ja":""},{"key":"audio_title","vi":"Thông báo âm thanh","en":"","ja":""},{"key":"audio_tue","vi":"Thứ 3","en":"Tue","ja":""},{"key":"audio_wed","vi":"Thứ 4","en":"Wed","ja":""},{"key":"button_add","vi":"Thêm","en":"Add","ja":""},{"key":"button_add_dte","vi":"Đầu báo","en":"Detector","ja":""},{"key":"button_add_zone","vi":"Zone","en":"Zone","ja":""},{"key":"button_audio","vi":"","en":"Mp3","ja":""},{"key":"button_back","vi":"Quay lại","en":"Back","ja":""},{"key":"button_cancel","vi":"Hủy","en":"Cancel","ja":""},{"key":"button_click","vi":"Nhấn","en":"Click","ja":""},{"key":"button_date","vi":"Thời gian","en":"Date","ja":""},{"key":"button_delete","vi":"Xóa","en":"Delete","ja":""},{"key":"button_edit","vi":"Sửa","en":"Edit","ja":""},{"key":"button_find","vi":"Tìm","en":"Find","ja":""},{"key":"button_finter_alarm","vi":"Cảnh báo","en":"Alarm","ja":""},{"key":"button_finter_config","vi":"Cài đặt","en":"Config","ja":""},{"key":"button_finter_control","vi":"Điều khiển","en":"Control","ja":""},{"key":"button_finter_disconnect","vi":"Mất kết nối","en":"Disconnect","ja":""},{"key":"button_list_dte","vi":"Đầu báo","en":"List detector","ja":""},{"key":"button_reset_alarm","vi":"Xóa cảnh báo","en":"Reset alarm","ja":""},{"key":"button_save","vi":"Lưu","en":"Save","ja":""},{"key":"button_unlock","vi":"Mở khóa","en":"Unlock","ja":""},{"key":"button_upload","vi":"","en":"Upload","ja":""},{"key":"change_name_ip_title","vi":"Đổi ip","en":"Change ip","ja":""},{"key":"change_password_input_confirm_password","vi":"Nhắc lại mật khẩu","en":"Confirm password","ja":""},{"key":"change_password_input_new_password","vi":"Mật khẩu mới","en":"New password","ja":""},{"key":"change_password_input_password","vi":"Mật khẩu hiện tại","en":"Password","ja":""},{"key":"change_password_title","vi":"Đổi mật khẩu","en":"Change password","ja":""},{"key":"connect_to_box","vi":"Kết nối tới tủ","en":"","ja":""},{"key":"copyright","vi":"","en":"Copyright © 2019, MKAC","ja":""},{"key":"dashboard_button_menu","vi":"Menu","en":"Menu","ja":""},{"key":"dashboard_tag_board","vi":"Bo mạch","en":"Board","ja":""},{"key":"dashboard_tag_board_disconnect","vi":"MẤT KẾT NỐI","en":"BOARD DISCONNECT","ja":""},{"key":"dashboard_tag_broken_circuit","vi":"ĐỨT DÂY","en":"BROKEN CIRCUIT","ja":""},{"key":"dashboard_tag_dte","vi":"Đầu báo","en":"Detector","ja":""},{"key":"dashboard_tag_fire_alarm","vi":"CẢNH BÁO CHÁY","en":"FIRE ALARM","ja":""},{"key":"dashboard_tag_input","vi":"Đầu vào","en":"Input","ja":""},{"key":"dashboard_tag_output","vi":"Đầu ra","en":"Output","ja":""},{"key":"dashboard_tag_short_circuit","vi":"CHẬP MẠCH","en":"SHORT CIRCUIT","ja":""},{"key":"dashboard_tag_zone","vi":"Khu vực","en":"Zone","ja":""},{"key":"dashboard_title_alarm","vi":"CẢNH BÁO","en":"ALARM","ja":""},{"key":"dashboard_title_fire_alarm","vi":"BÁO CHÁY","en":"FIRE ALARM","ja":""},{"key":"dashboard_title_normal","vi":"HỆ THỐNG ỔN ĐỊNH","en":"SYSTEM NORMAL","ja":""},{"key":"dashboard_title_warning","vi":"CẢNH BÁO","en":"WARNING","ja":""},{"key":"detector_in","vi":"đầu báo trong","en":"detector in","ja":""},{"key":"dte_facp_add_edit_enable","vi":"Sử dụng","en":"Enable","ja":""},{"key":"dte_facp_add_edit_id","vi":"ID","en":"ID","ja":""},{"key":"dte_facp_add_title","vi":"Thêm đầu báo vào","en":"","ja":""},{"key":"dte_facp_check_disable","vi":"Bạn muốn vô hiệu hóa DTE","en":"Do you want disable DTE","ja":""},{"key":"edit_ip","vi":"","en":"IP","ja":""},{"key":"edit_name","vi":"Tên","en":"Name","ja":""},{"key":"edit_zone_title","vi":"Sửa thông tin vùng","en":"Edit zone","ja":""},{"key":"facp_add_edit_enable","vi":"Sử dụng","en":"Enable","ja":null},{"key":"facp_add_edit_id","vi":"ID","en":"ID","ja":null},{"key":"facp_add_edit_note","vi":"Ghi chú","en":"Note","ja":null},{"key":"facp_add_edit_read_dte","vi":"Số DTE / lần đọc","en":"DTE / 1 read","ja":""},{"key":"facp_add_title","vi":"Thêm mạch giám sát đầu báo","en":"Add board control","ja":""},{"key":"facp_check_delete","vi":"Bạn muốn xóa Mạch giám sát đầu báo","en":"Do you want delete board Loop control","ja":""},{"key":"facp_check_disable","vi":"Bạn muốn vô hiệu hóa Mạch giám sát đầu báo","en":"Do you want disable board Loop control","ja":""},{"key":"facp_edit_title","vi":"Sửa thông tin mạch giám sát đầu báo ","en":"Edit board loop control","ja":""},{"key":"facp_loop_normal","vi":" ","en":" ","ja":""},{"key":"facp_loop_off_circuit","vi":"Đứt dây vòng","en":"Off circuit","ja":""},{"key":"facp_loop_short_circuit","vi":"Chập dây","en":"Short circuit","ja":""},{"key":"facp_title","vi":"Mạch giám sát đầu báo","en":"Loop control","ja":""},{"key":"facp_title_alarm","vi":"Cảnh báo","en":"Alarm","ja":""},{"key":"facp_title_disable","vi":"Vô hiệu hóa","en":"Disable","ja":""},{"key":"facp_title_disconnect","vi":"Mất kết nối","en":"Disconnect","ja":""},{"key":"facp_title_normal","vi":"Bình thường","en":"Normal","ja":""},{"key":"facp_title_total","vi":"Tổng số","en":"Total DTE","ja":""},{"key":"file_audio_check_delete","vi":"Bạn muốn xóa file","en":"Do you want delete file","ja":""},{"key":"file_audio_title","vi":"File âm thanh","en":"Fire audio","ja":""},{"key":"flag","vi":"vi.png","en":"en.png","ja":"ja.png"},{"key":"input_max_10_character","vi":"Giới hạn 10 ký tự","en":"Max 10 character","ja":""},{"key":"input_max_20_character","vi":"Giới hạn 20 ký tự","en":"Max 20 character","ja":""},{"key":"io_add_edit_enable","vi":"Sử dụng","en":"Enable","ja":""},{"key":"io_add_edit_id","vi":"ID","en":"Board ID","ja":""},{"key":"io_add_edit_input","vi":"Đầu vào","en":"Input","ja":""},{"key":"io_add_edit_input_name","vi":"Đầu vào","en":"Input name","ja":""},{"key":"io_add_edit_note","vi":"Note","en":"Note","ja":""},{"key":"io_add_edit_output","vi":"Đầu ra","en":"Output","ja":""},{"key":"io_add_edit_output_name","vi":"Đầu ra","en":"Output name","ja":""},{"key":"io_add_title","vi":"Thêm Mạch ngoại vi","en":"Add board In - Out","ja":""},{"key":"io_button_back","vi":"Quay lại","en":"Back","ja":""},{"key":"io_check_delete","vi":"Bạn muốn xóa Mạch ngoại vi","en":"Do you want delete board In -Out","ja":""},{"key":"io_check_disable","vi":"Bạn muốn vô hiệu hóa Mạch ngoại vi","en":"Do you want disable board In -Out","ja":""},{"key":"io_edit_title","vi":"Sửa thông tin mach ngoại vi","en":"Edit board In - Out","ja":""},{"key":"io_title","vi":"Mạch ngoại vi","en":"Board In -Out","ja":""},{"key":"lang_add_edit_en","vi":"","en":"English","ja":""},{"key":"lang_add_edit_ja","vi":"","en":"日本人","ja":""},{"key":"lang_add_edit_key","vi":"Từ khóa","en":"Key","ja":""},{"key":"lang_add_edit_vi","vi":"","en":"Tiếng Việt","ja":""},{"key":"lang_check_delete","vi":"Bạn có muốn xóa từ","en":"Do you want delete","ja":""},{"key":"led_board_disable","vi":"","en":"BOARD DISABLE","ja":""},{"key":"led_board_disconnect","vi":"","en":"BOARD DISCONNECT","ja":""},{"key":"led_dte_disconnect","vi":"","en":"DTE DISCONNECT","ja":""},{"key":"led_fault_alarm","vi":"","en":"FAUL ALARM","ja":""},{"key":"led_fire_alarm","vi":"","en":"FIRE ALARM","ja":""},{"key":"led_other_event","vi":"","en":"OTHER EVENT","ja":""},{"key":"led_point_disable","vi":"","en":"POINT DISABLE","ja":""},{"key":"led_point_disconnect","vi":"","en":"POINT DISCONNECT","ja":""},{"key":"led_power_status","vi":"","en":"POWER STATUS","ja":""},{"key":"led_pre_alarm","vi":"","en":"PRE ALARM","ja":""},{"key":"led_signal_silenced","vi":"","en":"SIGNAL SILENCED","ja":""},{"key":"led_system_trouble","vi":"","en":"SYSTEM TROUBLE","ja":""},{"key":"list_box_title","vi":"Tủ điều khiển","en":"Control box","ja":""},{"key":"log_title","vi":"Lịch sử","en":"History log","ja":""},{"key":"menu_button_facp","vi":"Mạch giám sát đầu báo","en":"Module loop control","ja":""},{"key":"menu_button_history","vi":"Lịch sử","en":"History","ja":""},{"key":"menu_button_io","vi":"Mạch ngoại vi","en":"Board In -Out","ja":""},{"key":"menu_button_nac","vi":"Mạch điều khiển thông báo","en":"Notify alarm control","ja":""},{"key":"menu_button_notify","vi":"Thông báo âm thanh","en":"Sound notifications","ja":""},{"key":"menu_button_setting","vi":"Cài đặt","en":"Setting","ja":""},{"key":"menu_button_zone","vi":"Quản lý vùng","en":"Zone manager","ja":""},{"key":"menu_title","vi":"Menu","en":"Menu","ja":""},{"key":"nac_add_edit_enable","vi":"Sử dụng","en":"Enable","ja":""},{"key":"nac_add_edit_id","vi":"ID","en":"Board ID","ja":""},{"key":"nac_add_edit_note","vi":"Note","en":"Note","ja":""},{"key":"nac_add_edit_output","vi":"Đầu ra","en":"Output","ja":""},{"key":"nac_add_edit_output_name","vi":"Đầu ra","en":"Output name","ja":""},{"key":"nac_add_title","vi":"Thêm mạch điều khiển thông báo","en":"Add board notify alarm control","ja":""},{"key":"nac_check_delete","vi":"Bạn muốn xóa Mạch điều khiển thông báo","en":"Do you want delete board Notify alarm control","ja":""},{"key":"nac_check_disable","vi":"Bạn muốn vô hiệu hóa mạch điều khiển thông báo","en":"Do you want disable board Notify alarm control","ja":""},{"key":"nac_edit_title","vi":"Sửa thông tin mạch điều khiển thông báo","en":"Edit notify alarm control","ja":""},{"key":"nac_title","vi":"Mạch điều khiển thông báo","en":"Notify alarm control","ja":""},{"key":"notify_add_nac_not_successful","vi":"Thêm NAC không thành công","en":"Add NAC not successful","ja":""},{"key":"notify_add_nac_successful","vi":"Thêm NAC thành công","en":"Add NAC successful","ja":""},{"key":"notify_edit_nac_successful","vi":"Sửa NAC thành công","en":"","ja":""},{"key":"notify_exist","vi":"đã tồn tại","en":"exist","ja":""},{"key":"notify_id_exist","vi":"ID đã tồn tại","en":"ID is exist","ja":""},{"key":"notify_id_not_null","vi":"ID không để trống","en":"ID not null","ja":""},{"key":"notify_month_loop","vi":"Thông báo hàng tháng vào ngày","en":"","ja":""},{"key":"notify_no_loop","vi":"Thông báo 1 lần vào","en":"","ja":""},{"key":"notify_not_null","vi":"không rỗng","en":"not null","ja":""},{"key":"notify_not_number","vi":"không phải số","en":"not number","ja":""},{"key":"notify_null","vi":"không được để trống","en":"not null","ja":""},{"key":"notify_out_of_limit","vi":"ngoài giới hạn","en":"out of limit","ja":""},{"key":"notify_special_character","vi":"có chứa ký tự đặc biệt","en":"special character","ja":""},{"key":"notify_week_loop","vi":"Thông báo hàng tuần vào<br>","en":"","ja":""},{"key":"notify_year_loop","vi":"Thông báo hàng năm vào ngày","en":"","ja":""},{"key":"popup_input_day","vi":"Ngày","en":"","ja":""},{"key":"popup_input_month","vi":"Tháng","en":"","ja":""},{"key":"popup_input_year","vi":"Năm","en":"","ja":""},{"key":"reset_alarm","vi":"Xóa cảnh báo","en":"Reset alarm","ja":""},{"key":"setting_button_change_name_ip","vi":"Đổi IP và tên tủ","en":"Change IP  & name","ja":""},{"key":"setting_button_change_password","vi":"Đổi mật khẩu","en":"Change password","ja":""},{"key":"setting_button_lang","vi":"Quản lý ngôn ngữ","en":"Language manager","ja":""},{"key":"setting_button_test_sound","vi":"Test card âm thanh","en":"Test sound card","ja":""},{"key":"setting_lang_add_button_back","vi":"Quay lại","en":"Back","ja":""},{"key":"setting_lang_add_button_cancel","vi":"Hủy","en":"Cancel","ja":""},{"key":"setting_lang_add_button_save","vi":"Lưu","en":"Save","ja":""},{"key":"setting_lang_add_title","vi":"Thêm từ","en":"Add language","ja":""},{"key":"setting_lang_edit_title","vi":"Sửa ngôn ngữ","en":"Edit language","ja":""},{"key":"setting_lang_title","vi":"Quản lý ngôn ngữ","en":"Language manager","ja":""},{"key":"status_connect","vi":"Kết nối","en":"Connect","ja":""},{"key":"status_disable","vi":"Vô hiệu hóa","en":"Disable","ja":""},{"key":"status_disconnect","vi":"Mất kết nối","en":"Disconnect","ja":""},{"key":"status_enable","vi":"Sử dụng","en":"Enable","ja":""},{"key":"system_name","vi":"HỆ THỐNG BÁO CHÁY","en":"FIRE ALARM SYSTEM","ja":"火災警報システム"},{"key":"type_dte_1_unit","vi":"","en":"","ja":""},{"key":"type_dte_2_unit","vi":"","en":"","ja":""},{"key":"type_dte_3_unit","vi":"","en":"","ja":""},{"key":"type_dte_4","vi":"Đầu báo khói","en":"Smoke detector","ja":""},{"key":"type_dte_4_unit","vi":"","en":"","ja":""},{"key":"type_dte_5","vi":"Đầu báo nhiệt","en":"Heat detector","ja":""},{"key":"type_dte_5_unit","vi":"","en":"<sup>o</sup>C","ja":""},{"key":"type_dte_6","vi":"","en":"Pull station","ja":""},{"key":"type_dte_6_unit","vi":"","en":"<sup>o</sup>C","ja":""},{"key":"type_dte_new","vi":"Đầu báo mới","en":"","ja":""},{"key":"type_dte_new_unit","vi":"","en":"","ja":""},{"key":"zone_check_delete","vi":"Bạn muốn xóa vùng?","en":"Do you want delete zone?","ja":""},{"key":"zone_title","vi":"","en":"Zone","ja":""}]